timestamp,demand,hour,day_of_week,month,is_weekend,lag_1,lag_24,rolling_mean_24,rolling_std_24
2020-01-02 00:00:00,97.27808637737408,0,3,1,0,87.6998781668823,102.48357076505616,99.04491341261176,17.041128121358636
2020-01-02 01:00:00,105.73099385059976,1,3,1,0,97.27808637737408,104.48505939619449,99.09682734821199,17.060308496441582
2020-01-02 02:00:00,104.24503211288848,2,3,1,0,105.73099385059976,113.23844269050346,98.72210190747802,16.83344699248663
2020-01-02 03:00:00,116.02062571545932,3,3,1,0,104.24503211288848,121.75728490577109,98.48307444121504,16.530132718611693
2020-01-02 04:00:00,114.31731462609476,4,3,1,0,116.02062571545932,116.14974120207208,98.40672333388265,16.44901709364052
2020-01-02 05:00:00,117.86004777681498,5,3,1,0,114.31731462609476,118.14783174103546,98.39473233537348,16.43409866696857
2020-01-02 06:00:00,116.991466938853,6,3,1,0,117.86004777681498,127.89606407753696,97.94037412126163,15.71815088550656
2020-01-02 07:00:00,128.57990744832605,7,3,1,0,116.991466938853,123.1556901715459,98.1663831744608,16.13008135474128
2020-01-02 08:00:00,117.2530219519991,8,3,1,0,128.57990744832605,114.973136146014,98.26137841637684,16.239706197568456
2020-01-02 09:00:00,108.85358097895148,9,3,1,0,117.2530219519991,116.85493584166078,97.92798863043065,15.920389070009811
2020-01-02 10:00:00,114.11272456051594,10,3,1,0,108.85358097895148,107.68291153593768,98.19589750645473,16.14420972992157
2020-01-02 11:00:00,99.0721626521953,11,3,1,0,114.11272456051594,102.84773213419912,98.03858211137123,16.11527900375239
2020-01-02 12:00:00,101.0443179750238,12,3,1,0,99.0721626521953,101.20981135783018,98.0316865537543,16.113898418366908
2020-01-02 13:00:00,85.02526847855073,13,3,1,0,101.0443179750238,85.2572178746606,98.02202199558307,16.121960759603784
2020-01-02 14:00:00,83.35906975550786,14,3,1,0,85.02526847855073,81.37541083743484,98.10467445050277,16.03777305091563
2020-01-02 15:00:00,86.84217055561467,15,3,1,0,83.35906975550786,83.04642673006418,98.26283044323405,15.90095243509281
2020-01-02 16:00:00,86.37182482428827,16,3,1,0,86.84217055561467,77.61533632263912,98.62768413080276,15.502045862094052
2020-01-02 17:00:00,81.53832488016849,17,3,1,0,86.37182482428827,82.25272013719501,98.59791766175998,15.535505315974893
2020-01-02 18:00:00,79.4217585880588,18,3,1,0,81.53832488016849,75.45987962239394,98.76299595199602,15.298190482686257
2020-01-02 19:00:00,79.17596499627219,19,3,1,0,79.4217585880588,73.61996496754216,98.9944959531931,14.93899201766199
2020-01-02 20:00:00,75.28688197247408,20,3,1,0,79.17596499627219,90.007735768919,98.38112704500789,15.611102355883622
2020-01-02 21:00:00,82.25864333429548,21,3,1,0,75.28688197247408,84.72898287383637,98.27819623086036,15.712843060606627
2020-01-02 22:00:00,87.69680614520107,22,3,1,0,82.25864333429548,90.3376410234396,98.16816144426708,15.779970611543934
2020-01-02 23:00:00,100.10923022904416,23,3,1,0,87.69680614520107,87.6998781668823,98.6852177801905,15.624588101242988
2020-01-03 00:00:00,101.7180914478423,0,4,1,0,100.10923022904416,97.27808637737408,98.87021799146,15.633485839966083
2020-01-03 01:00:00,96.36118012523671,1,4,1,0,101.7180914478423,105.73099385059976,98.47980908623656,15.571576943403592
2020-01-03 02:00:00,111.620419846974,2,4,1,0,96.36118012523671,104.24503211288848,98.78711690849012,15.761915487042089
2020-01-03 03:00:00,112.21672422164936,3,4,1,0,111.620419846974,116.02062571545932,98.62862101291468,15.599374513501369
2020-01-03 04:00:00,113.93589807415896,4,4,1,0,112.21672422164936,114.31731462609476,98.61272865658403,15.582881803608915
2020-01-03 05:00:00,122.3768979699857,5,4,1,0,113.93589807415896,117.86004777681498,98.80093074796615,15.850427358396987
2020-01-03 06:00:00,125.15499761247976,6,4,1,0,122.3768979699857,116.991466938853,99.14107785936727,16.337864161428513
2020-01-03 07:00:00,123.97491712136237,7,4,1,0,125.15499761247976,128.57990744832605,98.94920326241045,16.000658719426077
2020-01-03 08:00:00,113.12442045957556,8,4,1,0,123.97491712136237,117.2530219519991,98.77717820022615,15.816449346658542
2020-01-03 09:00:00,112.59607374447492,9,4,1,0,113.12442045957556,108.85358097895148,98.9331153987896,15.938094910677822
2020-01-03 10:00:00,111.65631715701784,10,4,1,0,112.59607374447492,114.11272456051594,98.83076509031052,15.84398652953107
2020-01-03 11:00:00,110.05410653766222,11,4,1,0,111.65631715701784,99.0721626521953,99.28834608553831,16.008983757839164
2020-01-03 12:00:00,97.60412881077356,12,4,1,0,110.05410653766222,101.0443179750238,99.14500487036122,16.007978896011103
2020-01-03 13:00:00,93.89532421463052,13,4,1,0,97.60412881077356,85.02526847855073,99.5145905260312,15.768416255226409
2020-01-03 14:00:00,84.46832512996988,14,4,1,0,93.89532421463052,83.35906975550786,99.5608094999671,15.720556827056917
2020-01-03 15:00:00,79.8768312558657,15,4,1,0,84.46832512996988,86.84217055561467,99.27058702914424,16.026879032274206
2020-01-03 16:00:00,86.74212103628224,16,4,1,0,79.8768312558657,86.37182482428827,99.28601603797733,16.01409469574933
2020-01-03 17:00:00,87.46268361707276,17,4,1,0,86.74212103628224,81.53832488016849,99.53286431868167,15.772467061300457
2020-01-03 18:00:00,79.63994939209833,18,4,1,0,87.46268361707276,79.4217585880588,99.54195560218331,15.760429262705507
2020-01-03 19:00:00,85.69914796367874,19,4,1,0,79.63994939209833,79.17596499627219,99.81375489249194,15.44706635435519
2020-01-03 20:00:00,84.4876720495494,20,4,1,0,85.69914796367874,75.28688197247408,100.19712114570338,14.916968458247688
2020-01-03 21:00:00,82.6322656032434,21,4,1,0,84.4876720495494,82.25864333429548,100.21268874024288,14.897616020659607
2020-01-03 22:00:00,91.80697802754209,22,4,1,0,82.6322656032434,87.69680614520107,100.3839459020071,14.770565486745008
2020-01-03 23:00:00,102.51380193027948,23,4,1,0,91.80697802754209,100.10923022904416,100.48413638955857,14.776774980777484
2020-01-04 00:00:00,99.82086980445024,0,5,1,1,102.51380193027948,101.7180914478423,100.40508548775057,14.774961360272348
2020-01-04 01:00:00,112.9995991811204,1,5,1,1,99.82086980445024,96.36118012523671,101.0983529484124,14.966080262302501
2020-01-04 02:00:00,96.90127447955123,2,5,1,1,112.9995991811204,111.620419846974,100.48505522476978,14.816994063977642
2020-01-04 03:00:00,118.25164814560706,3,5,1,1,96.90127447955123,112.21672422164936,100.73651038826802,15.073729602387035
2020-01-04 04:00:00,117.7557434168796,4,5,1,1,118.25164814560706,113.93589807415896,100.89567061088138,15.238425322419321
2020-01-04 05:00:00,117.82347977345202,5,5,1,1,117.7557434168796,122.3768979699857,100.70594485269247,14.985594007653468
2020-01-04 06:00:00,120.45880388267751,6,5,1,1,117.82347977345202,125.15499761247976,100.51027011395071,14.680014469631374
2020-01-04 07:00:00,109.38067195277692,7,5,1,1,120.45880388267751,123.97491712136237,99.90217656525965,13.949886510871188
2020-01-04 08:00:00,116.2221486365012,8,5,1,1,109.38067195277692,113.12442045957556,100.03124857263155,14.091160656879158
2020-01-04 09:00:00,115.92769848128972,9,5,1,1,116.2221486365012,112.59607374447492,100.17006626999883,14.235989907332616
2020-01-04 10:00:00,117.38947022370758,10,5,1,1,115.92769848128972,111.65631715701784,100.40894764777757,14.483067727426933
2020-01-04 11:00:00,102.58502981068216,11,5,1,1,117.38947022370758,110.05410653766222,100.09773611748672,14.346404714144974
2020-01-04 12:00:00,95.95753198553408,12,5,1,1,102.58502981068216,97.60412881077356,100.02912791643509,14.362776151528484
2020-01-04 13:00:00,92.31483388002697,13,5,1,1,95.95753198553408,93.89532421463052,99.96327415249328,14.395708139559208
2020-01-04 14:00:00,94.5770105885104,14,5,1,1,92.31483388002697,84.46832512996988,100.38446937993247,14.066763410073817
2020-01-04 15:00:00,87.50161992456748,15,5,1,1,94.5770105885104,79.8768312558657,100.70216890779504,13.663789582094948
2020-01-04 16:00:00,80.03069090547605,16,5,1,1,87.50161992456748,86.74212103628224,100.42252598567812,14.025800162245563
2020-01-04 17:00:00,83.24782063978542,17,5,1,1,80.03069090547605,87.46268361707276,100.24690669495781,14.220168458384668
2020-01-04 18:00:00,80.4853877467402,18,5,1,1,83.24782063978542,79.63994939209833,100.28213329306789,14.167851778790727
2020-01-04 19:00:00,85.52470842688307,19,5,1,1,80.4853877467402,85.69914796367874,100.27486497903472,14.175700906336013
2020-01-04 20:00:00,79.16922645492447,20,5,1,1,85.52470842688307,84.4876720495494,100.05326307925871,14.471704553227145
2020-01-04 21:00:00,84.21955364328018,21,5,1,1,79.16922645492447,82.6322656032434,100.1194000809269,14.392035198433016
2020-01-04 22:00:00,88.0394592343392,22,5,1,1,84.21955364328018,91.80697802754209,99.9624201312101,14.506734208441218
2020-01-04 23:00:00,87.50604435728901,23,5,1,1,88.0394592343392,102.51380193027948,99.33709689900218,14.713953461777319
2020-01-05 00:00:00,101.48060138532288,0,6,1,1,87.50604435728901,99.82086980445024,99.40625238153854,14.72022507604019
2020-01-05 01:00:00,106.48165726294988,1,6,1,1,101.48060138532288,112.9995991811204,99.13467146828144,14.517257695669601
2020-01-05 02:00:00,110.02556728321228,2,6,1,1,106.48165726294988,96.90127447955123,99.6815170017673,14.675792433533358
2020-01-05 03:00:00,112.96919995685522,3,6,1,1,110.02556728321228,118.25164814560706,99.46141499390264,14.4226036241159
2020-01-05 04:00:00,110.24365436543673,4,6,1,1,112.96919995685522,117.7557434168796,99.14841128342584,14.085896914742174
2020-01-05 05:00:00,117.21528991195456,5,6,1,1,110.24365436543673,117.82347977345202,99.1230700391968,14.051343462793703
2020-01-05 06:00:00,118.28642741736616,6,6,1,1,117.21528991195456,120.45880388267751,99.03255435314215,13.914255928072249
2020-01-05 07:00:00,115.30713017967324,7,6,1,1,118.28642741736616,109.38067195277692,99.27949011259615,14.156370114373711
2020-01-05 08:00:00,116.51407951735877,8,6,1,1,115.30713017967324,116.2221486365012,99.29165389929857,14.171678099916779
2020-01-05 09:00:00,116.16238990780369,9,6,1,1,116.51407951735877,115.92769848128972,99.30143270873667,14.183732327515726
2020-01-05 10:00:00,119.43092950605266,10,6,1,1,116.16238990780369,117.38947022370758,99.3864935121677,14.302547561143221
2020-01-05 11:00:00,106.04926996620966,11,6,1,1,119.43092950605266,102.58502981068216,99.53083685198135,14.353620737914158
2020-01-05 12:00:00,101.28775195361384,12,6,1,1,106.04926996620966,95.95753198553408,99.75292935065134,14.337154971786967
2020-01-05 13:00:00,94.45138951911872,13,6,1,1,101.28775195361384,92.31483388002697,99.84195250228015,14.295534646683882
2020-01-05 14:00:00,80.40614392350483,14,6,1,1,94.45138951911872,94.5770105885104,99.25149972457159,14.805987278014817
2020-01-05 15:00:00,85.72529499902296,15,6,1,1,80.40614392350483,87.50161992456748,99.17748618600723,14.871571991166746
2020-01-05 16:00:00,82.98064297401633,16,6,1,1,85.72529499902296,80.03069090547605,99.30040085552974,14.71783803589624
2020-01-05 17:00:00,92.99769403664509,17,6,1,1,82.98064297401633,83.24782063978542,99.7066455803989,14.386311950565151
2020-01-05 18:00:00,79.03819517609439,18,6,1,1,92.99769403664509,80.4853877467402,99.64634588995534,14.473150808576822
2020-01-05 19:00:00,82.18922018588671,19,6,1,1,79.03819517609439,85.52470842688307,99.50736721324715,14.629816488205176
2020-01-05 20:00:00,82.50593307578498,20,6,1,1,82.18922018588671,79.16922645492447,99.646396655783,14.442795847863712
2020-01-05 21:00:00,80.01447418817136,21,6,1,1,82.50593307578498,84.21955364328018,99.47118501182013,14.66192675120657
2020-01-05 22:00:00,95.71411407257509,22,6,1,1,80.01447418817136,88.0394592343392,99.79096229674663,14.484377276212577
2020-01-05 23:00:00,98.5832842613834,23,6,1,1,95.71411407257509,87.50604435728901,100.25251395941723,14.25049475234885
2020-01-06 00:00:00,103.9551597352152,0,0,1,0,98.5832842613834,101.48060138532288,100.35562055732942,14.26870710988573
2020-01-06 01:00:00,100.62944362807671,1,0,1,0,103.9551597352152,106.48165726294988,100.111778322543,14.209347346058284
2020-01-06 02:00:00,117.01397155468048,2,0,1,0,100.62944362807671,110.02556728321228,100.40296183385419,14.4901671494351
2020-01-06 03:00:00,107.13288030976948,3,0,1,0,117.01397155468048,112.96919995685522,100.15978184855896,14.3180577660726
2020-01-06 04:00:00,120.2547935446901,4,0,1,0,107.13288030976948,110.24365436543673,100.57691264769453,14.763505171867608
2020-01-06 05:00:00,130.27079465483126,5,0,1,0,120.2547935446901,117.21528991195456,101.12089201198104,15.618960132911425
2020-01-06 06:00:00,115.04731837434656,6,0,1,0,130.27079465483126,118.28642741736616,100.98592913518856,15.477538627999706
2020-01-06 07:00:00,116.48702787776747,7,0,1,0,115.04731837434656,115.30713017967324,101.03509153927583,15.52680137533771
2020-01-06 08:00:00,117.818764901127,8,0,1,0,116.48702787776747,116.51407951735877,101.08945343026618,15.585525056168393
2020-01-06 09:00:00,111.62475735315,9,0,1,0,117.818764901127,116.16238990780369,100.90038540715558,15.421383929372306
2020-01-06 10:00:00,102.24668284466937,10,0,1,0,111.62475735315,119.43092950605266,100.18437512959797,14.914198440471894
2020-01-06 11:00:00,105.51919577608068,11,0,1,0,102.24668284466937,106.04926996620966,100.16228870500925,14.905525471306744
2020-01-06 12:00:00,94.68848143136958,12,0,1,0,105.51919577608068,101.28775195361384,99.88731909991573,14.944679378902407
2020-01-06 13:00:00,97.19158125112544,13,0,1,0,94.68848143136958,94.45138951911872,100.001493755416,14.91177528823009
2020-01-06 14:00:00,85.402878828831,14,0,1,0,97.19158125112544,80.40614392350483,100.20969104313794,14.65903117944461
2020-01-06 15:00:00,93.60753640135675,15,0,1,0,85.402878828831,85.72529499902296,100.53811776823518,14.406531529256167
2020-01-06 16:00:00,78.76322546263003,16,0,1,0,93.60753640135675,82.98064297401633,100.36239203859408,14.653605241478646
2020-01-06 17:00:00,79.07117589319027,17,0,1,0,78.76322546263003,92.99769403664509,99.78212044928347,15.22261377981257
2020-01-06 18:00:00,84.06758608684835,18,0,1,0,79.07117589319027,79.03819517609439,99.99167840389822,14.95693168120168
2020-01-06 19:00:00,74.52716189204885,19,0,1,0,84.06758608684835,82.18922018588671,99.67242597498831,15.42780307013303
2020-01-06 20:00:00,83.81679159733187,20,0,1,0,74.52716189204885,82.50593307578498,99.72704508005278,15.366585062724434
2020-01-06 21:00:00,92.3935781476812,21,0,1,0,83.81679159733187,80.01447418817136,100.24284107836569,14.876073191924634
2020-01-06 22:00:00,81.96258382719391,22,0,1,0,92.3935781476812,95.71411407257509,99.66986065147479,15.316406111932952
2020-01-06 23:00:00,95.74678839061106,23,0,1,0,81.96258382719391,98.5832842613834,99.55167332352595,15.336086205155166
2020-01-07 00:00:00,101.29941397124207,0,1,1,0,95.74678839061106,103.9551597352152,99.44101725002706,15.312494830537062
2020-01-07 01:00:00,109.08549526093697,1,1,1,0,101.29941397124207,100.62944362807671,99.79335273472958,15.43780183201682
2020-01-07 02:00:00,103.81524644560947,2,1,1,0,109.08549526093697,117.01397155468048,99.24340585518495,15.02730703274683
2020-01-07 03:00:00,107.53985255830952,3,1,1,0,103.81524644560947,107.13288030976948,99.26036303220745,15.036823384938195
2020-01-07 04:00:00,119.93021590377325,4,1,1,0,107.53985255830952,120.2547935446901,99.24683896383591,15.01725332134959
2020-01-07 05:00:00,120.80343989194728,5,1,1,0,119.93021590377325,130.27079465483126,98.85236584871575,14.272774688707791
2020-01-07 06:00:00,121.25246425172938,6,1,1,0,120.80343989194728,115.04731837434656,99.11091359360671,14.630613873001915
2020-01-07 07:00:00,121.05075757326624,7,1,1,0,121.25246425172938,116.48702787776747,99.3010689975858,14.893566485730087
2020-01-07 08:00:00,113.92038446779635,8,1,1,0,121.05075757326624,117.818764901127,99.13863647953038,14.702865028083922
2020-01-07 09:00:00,115.303404109536,9,1,1,0,113.92038446779635,111.62475735315,99.29191342771311,14.857058294901597
2020-01-07 10:00:00,111.46536236649342,10,1,1,0,115.303404109536,102.24668284466937,99.67602507445578,15.054627140318296
2020-01-07 11:00:00,101.6046238119187,11,1,1,0,111.46536236649342,105.51919577608068,99.5129179092824,15.009706593007628
2020-01-07 12:00:00,109.32887255572372,12,1,1,0,101.6046238119187,94.68848143136958,100.12293420613047,15.10232722823748
2020-01-07 13:00:00,97.19278370250844,13,1,1,0,109.32887255572372,97.19158125112544,100.1229843082714,15.102317082614908
2020-01-07 14:00:00,84.0434825139868,14,1,1,0,97.19278370250844,85.402878828831,100.06634279515292,15.16235533416878
2020-01-07 15:00:00,89.1406324194382,15,1,1,0,84.0434825139868,93.60753640135675,99.88022179590631,15.272104473273746
2020-01-07 16:00:00,77.80608357317462,16,1,1,0,89.1406324194382,78.76322546263003,99.84034088384567,15.330783040248113
2020-01-07 17:00:00,84.61690649293091,17,1,1,0,77.80608357317462,79.07117589319027,100.07141299216819,15.043227820558544
2020-01-07 18:00:00,85.79297789503703,18,1,1,0,84.61690649293091,84.06758608684835,100.14330431750938,14.967351959329076
2020-01-07 19:00:00,76.57807188246007,19,1,1,0,85.79297789503703,74.52716189204885,100.2287589004432,14.819868471531707
2020-01-07 20:00:00,87.49637257053283,20,1,1,0,76.57807188246007,83.81679159733187,100.38207477432655,14.660880197097354
2020-01-07 21:00:00,87.92176901095155,21,1,1,0,87.49637257053283,92.3935781476812,100.1957493936295,14.794626400144805
2020-01-07 22:00:00,94.11030079997248,22,1,1,0,87.92176901095155,81.96258382719391,100.70190426749525,14.344667315792625
2020-01-07 23:00:00,104.30758401121926,23,1,1,0,94.11030079997248,95.74678839061106,101.0586040850206,14.322515215171588
2020-01-08 00:00:00,98.7730594199856,0,2,1,0,104.30758401121926,101.29941397124207,100.95333931205158,14.329950327471161
2020-01-08 01:00:00,101.40770008026296,1,2,1,0,98.7730594199856,109.08549526093697,100.6334311795235,14.225834202072537
2020-01-08 02:00:00,105.55242785187228,2,2,1,0,101.40770008026296,103.81524644560947,100.7058137381178,14.247131045097037
2020-01-08 03:00:00,110.06308419890372,3,2,1,0,105.55242785187228,107.53985255830952,100.81094838980921,14.30893037380107
2020-01-08 04:00:00,116.93499952861822,4,2,1,0,110.06308419890372,119.93021590377325,100.6861477075111,14.147070773749157
2020-01-08 05:00:00,121.02427639986458,5,2,1,0,116.93499952861822,120.80343989194728,100.69534922867432,14.160789504247143
2020-01-08 06:00:00,121.38345399665008,6,2,1,0,121.02427639986458,121.25246425172938,100.70080713471266,14.169080010195831
2020-01-08 07:00:00,123.45443277096147,7,2,1,0,121.38345399665008,121.05075757326624,100.80096026794996,14.326793556211916
2020-01-08 08:00:00,117.38551753507836,8,2,1,0,123.45443277096147,113.92038446779635,100.94534081242004,14.48138124487332
2020-01-08 09:00:00,121.40980600951758,9,2,1,0,117.38551753507836,115.303404109536,101.1997742249193,14.794866831543155
2020-01-08 10:00:00,108.67671583381023,10,2,1,0,121.40980600951758,111.46536236649342,101.08358061939082,14.72150789474568
2020-01-08 11:00:00,118.77722673499864,11,2,1,0,108.67671583381023,101.6046238119187,101.79910574118581,15.158769131005917
2020-01-08 12:00:00,103.12833673882514,12,2,1,0,118.77722673499864,109.32887255572372,101.54075008214836,15.077478164309927
2020-01-08 13:00:00,90.5378313158681,13,2,1,0,103.12833673882514,97.19278370250844,101.26346039937171,15.22142663055185
2020-01-08 14:00:00,84.64553750969448,14,2,1,0,90.5378313158681,84.0434825139868,101.28854602419285,15.192281620528991
2020-01-08 15:00:00,88.27022645248499,15,2,1,0,84.64553750969448,89.1406324194382,101.25227910890315,15.223548623395937
2020-01-08 16:00:00,81.56217799768197,16,2,1,0,88.27022645248499,77.80608357317462,101.4087830432576,14.989541433598411
2020-01-08 17:00:00,84.25148594467912,17,2,1,0,81.56217799768197,84.61690649293091,101.39355718708045,15.007514446417265
2020-01-08 18:00:00,82.36618812286773,18,2,1,0,84.25148594467912,85.79297789503703,101.25077427990674,15.177729220973177
2020-01-08 19:00:00,80.31733891093425,19,2,1,0,82.36618812286773,76.57807188246007,101.40657707275982,14.93062735442898
2020-01-08 20:00:00,78.44552333396919,20,2,1,0,80.31733891093425,87.49637257053283,101.02945835456967,15.404045937133244
2020-01-08 21:00:00,78.28362825283975,21,2,1,0,78.44552333396919,87.92176901095155,100.627869156315,15.878940404133322
2020-01-08 22:00:00,87.76742523966493,22,2,1,0,78.28362825283975,94.11030079997248,100.36358267463554,16.044060524235388
2020-01-08 23:00:00,99.10561306956689,23,2,1,0,87.76742523966493,104.30758401121926,100.1468338854,16.02358725578125
2020-01-09 00:00:00,101.07046872065098,0,3,1,0,99.10561306956689,98.7730594199856,100.24255927292774,16.021885766900578
2020-01-09 01:00:00,98.94768700849032,1,3,1,0,101.07046872065098,101.40770008026296,100.14005872827055,16.021976659163084
2020-01-09 02:00:00,110.86590462925592,2,3,1,0,98.94768700849032,105.55242785187228,100.36145359399485,16.136320877771823
2020-01-09 03:00:00,116.06872252237508,3,3,1,0,110.86590462925592,110.06308419890372,100.6116885241395,16.338609147510404
2020-01-09 04:00:00,112.90122089468306,4,3,1,0,116.06872252237508,116.93499952861822,100.44361441439219,16.18340209048393
2020-01-09 05:00:00,120.087142055509,5,3,1,0,112.90122089468306,121.02427639986458,100.40456715004404,16.132637068468174
2020-01-09 06:00:00,120.29104359223,6,3,1,0,120.087142055509,121.38345399665008,100.35905004985989,16.072301370094298
2020-01-09 07:00:00,113.60366503662829,7,3,1,0,120.29104359223,123.45443277096147,99.94860139426267,15.574943547048957
2020-01-09 08:00:00,119.10944487743016,8,3,1,0,113.60366503662829,117.38551753507836,100.02043170019401,15.6625862398996
2020-01-09 09:00:00,116.94605825557215,9,3,1,0,119.10944487743016,121.40980600951758,99.83444221044626,15.422207686649365
2020-01-09 10:00:00,115.41525621587652,10,3,1,0,116.94605825557215,108.67671583381023,100.11521472636569,15.64984683033539
2020-01-09 11:00:00,110.44539116222492,11,3,1,0,115.41525621587652,118.77722673499864,99.76805491083347,15.306515532514084
2020-01-09 12:00:00,93.11165316021452,12,3,1,0,110.44539116222492,103.12833673882514,99.35069309505802,15.34741476210086
2020-01-09 13:00:00,90.13449389837405,13,3,1,0,93.11165316021452,90.5378313158681,99.33388736932909,15.357701981847697
2020-01-09 14:00:00,92.57517633604324,14,3,1,0,90.13449389837405,84.64553750969448,99.66428898709363,15.111282599565817
2020-01-09 15:00:00,88.4267941308301,15,3,1,0,92.57517633604324,88.27022645248499,99.67081264035801,15.106182767761547
2020-01-09 16:00:00,85.25473035584153,16,3,1,0,88.4267941308301,81.56217799768197,99.82466898861465,14.931522079275943
2020-01-09 17:00:00,99.94514092749225,17,3,1,0,85.25473035584153,84.25148594467912,100.4785712795652,14.558855744142534
2020-01-09 18:00:00,82.85445255346583,18,3,1,0,99.94514092749225,82.36618812286773,100.49891563084013,14.532763071231773
2020-01-09 19:00:00,86.35931167512162,19,3,1,0,82.85445255346583,80.31733891093425,100.75066449601458,14.21685918729431
2020-01-09 20:00:00,87.44950074177723,20,3,1,0,86.35931167512162,78.44552333396919,101.12583022133992,13.712518256853459
2020-01-09 21:00:00,89.11482063279806,21,3,1,0,87.44950074177723,78.28362825283975,101.57712990383821,13.0922689710022
2020-01-09 22:00:00,88.42365377679819,22,3,1,0,89.11482063279806,87.76742523966493,101.60447275955208,13.062825955590723
2020-01-09 23:00:00,98.61846520041598,23,3,1,0,88.42365377679819,99.10561306956689,101.5841749316708,13.067255388796376
2020-01-10 00:00:00,96.1358739273121,0,4,1,0,98.61846520041598,101.07046872065098,101.37856681528167,13.114426598433162
2020-01-10 01:00:00,103.99228786835022,1,4,1,0,96.1358739273121,98.94768700849032,101.58875851777583,13.114197886916877
2020-01-10 02:00:00,107.5731822608545,2,4,1,0,103.99228786835022,110.86590462925592,101.45156175242577,13.029876070852442
2020-01-10 03:00:00,114.5515063206625,3,4,1,0,107.5731822608545,116.06872252237508,101.38834441068775,12.959364020966186
2020-01-10 04:00:00,128.89380090905627,4,4,1,0,114.5515063206625,112.90122089468306,102.05470191128664,13.950354056038982
2020-01-10 05:00:00,109.9821905628226,5,4,1,0,128.89380090905627,120.087142055509,101.63366226575805,13.528562850203917
2020-01-10 06:00:00,123.43130095187256,6,4,1,0,109.9821905628226,120.29104359223,101.76450632240982,13.730534972527233
2020-01-10 07:00:00,111.25493716983314,7,4,1,0,123.43130095187256,113.60366503662829,101.66664266129334,13.650620830016912
2020-01-10 08:00:00,114.96084874674158,8,4,1,0,111.25493716983314,119.10944487743016,101.49378448918132,13.444854803134733
2020-01-10 09:00:00,119.58688860856782,9,4,1,0,114.96084874674158,116.94605825557215,101.6038190872228,13.586873212608893
2020-01-10 10:00:00,110.32140009547749,10,4,1,0,119.58688860856782,115.41525621587652,101.39157508220619,13.400245175643919
2020-01-10 11:00:00,99.7876570124039,11,4,1,0,110.32140009547749,110.44539116222492,100.94750282596362,13.263056391087694
2020-01-10 12:00:00,96.42348145370028,12,4,1,0,99.7876570124039,93.11165316021452,101.08549567152555,13.195039436725756
2020-01-10 13:00:00,98.22160784262306,13,4,1,0,96.42348145370028,90.13449389837405,101.42245875253592,13.005117499051357
2020-01-10 14:00:00,86.34816684141424,14,4,1,0,98.22160784262306,92.57517633604324,101.16300002359304,13.249126444166818
2020-01-10 15:00:00,86.94015732417895,15,4,1,0,86.34816684141424,88.4267941308301,101.1010568233159,13.314574087685864
2020-01-10 16:00:00,82.90735112383037,16,4,1,0,86.94015732417895,85.25473035584153,101.00324935531545,13.444033079991026
2020-01-10 17:00:00,77.42348173618954,17,4,1,0,82.90735112383037,99.94514092749225,100.06484688901116,14.2810577681586
2020-01-10 18:00:00,90.71972044662662,18,4,1,0,77.42348173618954,82.85445255346583,100.39256638455953,13.955479157562939
2020-01-10 19:00:00,83.85107858580868,19,4,1,0,90.71972044662662,86.35931167512162,100.28805667250482,14.074028829006632
2020-01-10 20:00:00,72.55377899102317,20,4,1,0,83.85107858580868,87.44950074177723,99.66740159955675,14.965056612991035
2020-01-10 21:00:00,86.79013595011618,21,4,1,0,72.55377899102317,89.11482063279806,99.57053973777833,15.043645168743636
2020-01-10 22:00:00,86.69106767615797,22,4,1,0,86.79013595011618,88.42365377679819,99.49834865025166,15.1035003657151
2020-01-10 23:00:00,99.08578577193076,23,4,1,0,86.69106767615797,98.61846520041598,99.51782034073143,15.102617897967717
2020-01-11 00:00:00,96.03739630783646,0,5,1,1,99.08578577193076,96.1358739273121,99.51371710658663,15.103590035924116
2020-01-11 01:00:00,104.60269869471576,1,5,1,1,96.03739630783646,103.99228786835022,99.53915089101851,15.111971280878102
2020-01-11 02:00:00,112.5249363949023,2,5,1,1,104.60269869471576,107.5731822608545,99.74547397993717,15.259511434079984
2020-01-11 03:00:00,118.47091159458148,3,5,1,1,112.5249363949023,114.5515063206625,99.90878253301713,15.444705297254462
2020-01-11 04:00:00,111.31902604040984,4,5,1,1,118.47091159458148,128.89380090905627,99.17650024682354,14.3914042428359
2020-01-11 05:00:00,117.6460103465766,5,5,1,1,111.31902604040984,109.9821905628226,99.49582607114661,14.722801709986156
2020-01-11 06:00:00,117.62527344419522,6,5,1,1,117.6460103465766,123.43130095187256,99.25390825832672,14.355525821721493
2020-01-11 07:00:00,116.0518703629128,7,5,1,1,117.62527344419522,111.25493716983314,99.45378047470506,14.561793158034522
2020-01-11 08:00:00,126.1477792770943,8,5,1,1,116.0518703629128,114.96084874674158,99.91990258013641,15.242874015115897
2020-01-11 09:00:00,116.16704417853568,9,5,1,1,126.1477792770943,119.58688860856782,99.7774090622184,15.06598783114433
2020-01-11 10:00:00,103.6955802283248,10,5,1,1,116.16704417853568,110.32140009547749,99.50133323442037,14.924416592225997
2020-01-11 11:00:00,109.76569063732416,11,5,1,1,103.6955802283248,99.7876570124039,99.91708463545872,15.070999381695728
2020-01-11 12:00:00,110.61078098506314,12,5,1,1,109.76569063732416,96.42348145370028,100.50822211593218,15.205646474507185
2020-01-11 13:00:00,99.9859454007054,13,5,1,1,110.61078098506314,98.22160784262306,100.58173618085226,15.198374073197714
2020-01-11 14:00:00,82.40315017022986,14,5,1,1,99.9859454007054,86.34816684141424,100.4173604862196,15.37926503746954
2020-01-11 15:00:00,83.43669401193782,15,5,1,1,82.40315017022986,86.94015732417895,100.27138284820954,15.528652119162853
2020-01-11 16:00:00,89.01404767024441,16,5,1,1,83.43669401193782,82.90735112383037,100.52582853764346,15.279799136006835
2020-01-11 17:00:00,77.14313614612472,17,5,1,1,89.01404767024441,77.42348173618954,100.51414747139074,15.298324174563495
2020-01-11 18:00:00,82.21909714073114,18,5,1,1,77.14313614612472,90.71972044662662,100.1599548336451,15.629762336947337
2020-01-11 19:00:00,84.55465374136527,19,5,1,1,82.21909714073114,83.85107858580868,100.18927046512664,15.598471466755143
2020-01-11 20:00:00,78.04483956642079,20,5,1,1,84.55465374136527,72.55377899102317,100.41806465576819,15.210954699953996
2020-01-11 21:00:00,85.56023759595995,21,5,1,1,78.04483956642079,86.79013595011618,100.36681889101169,15.26085336291963
2020-01-11 22:00:00,73.79366329965441,22,5,1,1,85.56023759595995,86.69106767615797,99.82942704199071,15.973795538986272
2020-01-11 23:00:00,89.70168089127806,23,5,1,1,73.79366329965441,99.08578577193076,99.43842267196351,16.10708502482327
2020-01-12 00:00:00,98.737159243034,0,6,1,1,89.70168089127806,96.03739630783646,99.55091279426341,16.09172001146915
2020-01-12 01:00:00,98.93746499222615,1,6,1,1,98.737159243034,104.60269869471576,99.31486138999303,16.055904925391307
2020-01-12 02:00:00,118.16205651965832,2,6,1,1,98.93746499222615,112.5249363949023,99.54974139519118,16.29697830647549
2020-01-12 03:00:00,106.99142873392782,3,6,1,1,118.16205651965832,118.47091159458148,99.07142960933061,15.880644222209682
2020-01-12 04:00:00,115.1202856422038,4,6,1,1,106.99142873392782,111.31902604040984,99.22981542607202,16.026393851073713
2020-01-12 05:00:00,119.97221941221184,5,6,1,1,115.1202856422038,117.6460103465766,99.32674080380683,16.149178894304438
2020-01-12 06:00:00,127.20636644533056,6,6,1,1,119.97221941221184,117.62527344419522,99.72595301218747,16.729198447377755
2020-01-12 07:00:00,112.1392057698842,7,6,1,1,127.20636644533056,116.0518703629128,99.56292532081126,16.581596988592352
2020-01-12 08:00:00,123.13632683646355,8,6,1,1,112.1392057698842,126.1477792770943,99.43744813578498,16.38186720323838
2020-01-12 09:00:00,114.19330092882896,9,6,1,1,123.13632683646355,116.16704417853568,99.35520883371389,16.298975253348846
2020-01-12 10:00:00,105.0924567447604,10,6,1,1,114.19330092882896,103.6955802283248,99.4134120218987,16.317631909654327
2020-01-12 11:00:00,107.48689827336678,11,6,1,1,105.0924567447604,109.76569063732416,99.31846234006713,16.261307361351097
2020-01-12 12:00:00,100.99529847786748,12,6,1,1,107.48689827336678,110.61078098506314,98.91781723560064,16.08852631450363
2020-01-12 13:00:00,91.82253471215584,13,6,1,1,100.99529847786748,99.9859454007054,98.57767512357776,16.151135419670684
2020-01-12 14:00:00,90.34901042495017,14,6,1,1,91.82253471215584,82.40315017022986,98.90875263419109,15.884400335669216
2020-01-12 15:00:00,83.93129639196037,15,6,1,1,90.34901042495017,83.43669401193782,98.92936106669204,15.86376155711819
2020-01-12 16:00:00,83.24707865056747,16,6,1,1,83.93129639196037,89.01404767024441,98.68907069087216,16.06290650227839
2020-01-12 17:00:00,83.9921368468239,17,6,1,1,83.24707865056747,77.14313614612472,98.97444572006798,15.720670741797832
2020-01-12 18:00:00,87.93008408072676,18,6,1,1,83.9921368468239,82.21909714073114,99.21240350923445,15.497665295885401
2020-01-12 19:00:00,74.49240598008438,19,6,1,1,87.93008408072676,84.55465374136527,98.79314318584774,16.03812770931794
2020-01-12 20:00:00,93.3446587975926,20,6,1,1,74.49240598008438,78.04483956642079,99.43063565381324,15.471623097440766
2020-01-12 21:00:00,76.09742537865654,21,6,1,1,93.3446587975926,85.56023759595995,99.0363518114256,15.95354058385131
2020-01-12 22:00:00,89.24107452482198,22,6,1,1,76.09742537865654,73.79366329965441,99.67999394580757,15.183897425692797
2020-01-12 23:00:00,97.76520513037252,23,6,1,1,89.24107452482198,89.70168089127806,100.0159741224365,15.04205343330101
2020-01-13 00:00:00,101.40495933867513,0,0,1,0,97.76520513037252,98.737159243034,100.12713245975489,15.042049623997851
2020-01-13 01:00:00,102.06288330294728,1,0,1,0,101.40495933867513,98.93746499222615,100.25735822270161,15.044831152184866
2020-01-13 02:00:00,108.95938874821364,2,0,1,0,102.06288330294728,118.16205651965832,99.87391373222476,14.681544349307268
2020-01-13 03:00:00,111.6771309504367,3,0,1,0,108.95938874821364,106.99142873392782,100.0691513245793,14.810895247487553
2020-01-13 04:00:00,114.3736842909676,4,0,1,0,111.6771309504367,115.1202856422038,100.03804293494444,14.778656772978705
2020-01-13 05:00:00,123.56652701088647,5,0,1,0,114.3736842909676,119.97221941221184,100.1878057515559,15.005911712976708
2020-01-13 06:00:00,121.78507742982524,6,0,1,0,123.56652701088647,127.20636644533056,99.96191870924316,14.617284005150921
2020-01-13 07:00:00,115.8539685494781,7,0,1,0,121.78507742982524,112.1392057698842,100.11670049172625,14.770697724489157
2020-01-13 08:00:00,121.81850745285509,8,0,1,0,115.8539685494781,123.13632683646355,100.06179135074257,14.683595737754903
2020-01-13 09:00:00,115.67863322811397,9,0,1,0,121.81850745285509,114.19330092882896,100.1236801965461,14.74873301696492
2020-01-13 10:00:00,114.06431059419484,10,0,1,0,115.67863322811397,105.0924567447604,100.49750744027254,14.991847641205112
2020-01-13 11:00:00,108.32452511166836,11,0,1,0,114.06431059419484,107.48689827336678,100.53240855853511,15.0097907008707
2020-01-13 12:00:00,95.85502494538964,12,0,1,0,108.32452511166836,100.99529847786748,100.31823049468186,15.039542813479297
2020-01-13 13:00:00,92.02271389696485,13,0,1,0,95.85502494538964,91.82253471215584,100.3265712940489,15.034681043773883
2020-01-13 14:00:00,93.73646802561623,14,0,1,0,92.02271389696485,90.34901042495017,100.46771536074333,14.95261676193638
2020-01-13 15:00:00,88.9097157034364,15,0,1,0,93.73646802561623,83.93129639196037,100.6751494987215,14.746346215579095
2020-01-13 16:00:00,82.57498395449056,16,0,1,0,88.9097157034364,83.24707865056747,100.64714555305163,14.781478175568505
2020-01-13 17:00:00,81.26812039076253,17,0,1,0,82.57498395449056,83.9921368468239,100.53364486738239,14.924689721865693
2020-01-13 18:00:00,86.38832447894212,18,0,1,0,81.26812039076253,87.93008408072676,100.46940488397469,14.984495838871508
2020-01-13 19:00:00,77.72362653003943,19,0,1,0,86.38832447894212,74.49240598008438,100.60403907355617,14.753685737958543
2020-01-13 20:00:00,85.4149788301614,20,0,1,0,77.72362653003943,93.3446587975926,100.27363574157987,15.009891726944653
2020-01-13 21:00:00,84.84690111409947,21,0,1,0,85.4149788301614,76.09742537865654,100.63819723055666,14.494575917890556
2020-01-13 22:00:00,88.91159398386367,22,0,1,0,84.84690111409947,89.24107452482198,100.62446887468339,14.505991428458845
2020-01-13 23:00:00,100.31750335788544,23,0,1,0,88.91159398386367,97.76520513037252,100.7308146341631,14.493468575449608
2020-01-14 00:00:00,104.12708174494024,0,1,1,0,100.31750335788544,101.40495933867513,100.84423640109081,14.509615900386999
2020-01-14 01:00:00,109.24392908205355,1,1,1,0,104.12708174494024,102.06288330294728,101.1434466418869,14.609536829684727
2020-01-14 02:00:00,116.52739403577176,2,1,1,0,109.24392908205355,108.95938874821364,101.45878019553516,14.86501212666997
2020-01-14 03:00:00,114.24715483189476,3,1,1,0,116.52739403577176,111.6771309504367,101.56586452392924,14.95083259497382
2020-01-14 04:00:00,120.73027293216356,4,1,1,0,114.24715483189476,114.3736842909676,101.83072238397908,15.241078361790324
2020-01-14 05:00:00,117.76718274281411,5,1,1,0,120.73027293216356,123.56652701088647,101.58908303947605,14.924163391798862
2020-01-14 06:00:00,121.6208317624422,6,1,1,0,117.76718274281411,121.78507742982524,101.58223947000175,14.91453429026447
2020-01-14 07:00:00,118.66780125394298,7,1,1,0,121.6208317624422,115.8539685494781,101.69948249935446,15.042116134490456
2020-01-14 08:00:00,117.80548790065237,8,1,1,0,118.66780125394298,121.81850745285509,101.53227335134602,14.82955064083234
2020-01-14 09:00:00,117.11792075091556,9,1,1,0,117.80548790065237,115.67863322811397,101.59224366479607,14.892024059271284
2020-01-14 10:00:00,105.9088965838328,10,1,1,0,117.11792075091556,114.06431059419484,101.25243474769765,14.686690972963774
2020-01-14 11:00:00,115.63831728047774,11,1,1,0,105.9088965838328,108.32452511166836,101.55717608806474,14.913934029179918
2020-01-14 12:00:00,94.96991309250164,12,1,1,0,115.63831728047774,95.85502494538964,101.52029642752773,14.929733555252199
2020-01-14 13:00:00,88.75267603401117,13,1,1,0,94.96991309250164,92.02271389696485,101.38404484990464,15.034731127104266
2020-01-14 14:00:00,95.7905543675004,14,1,1,0,88.75267603401117,93.73646802561623,101.4696317808165,14.995097928014076
2020-01-14 15:00:00,89.81617784608387,15,1,1,0,95.7905543675004,88.9097157034364,101.50740103676014,14.963194531284264
2020-01-14 16:00:00,85.80009100957201,16,1,1,0,89.81617784608387,82.57498395449056,101.64178049738854,14.799361277243971
2020-01-14 17:00:00,83.82321102054007,17,1,1,0,85.80009100957201,81.26812039076253,101.7482426069626,14.654912425610624
2020-01-14 18:00:00,79.93876613576543,18,1,1,0,83.82321102054007,86.38832447894212,101.47951100933024,15.003798819811848
2020-01-14 19:00:00,76.19521161678946,19,1,1,0,79.93876613576543,77.72362653003943,101.4158270546115,15.111869694779681
2020-01-14 20:00:00,83.05851471527991,20,1,1,0,76.19521161678946,85.4149788301614,101.31764104982476,15.227564153435754
2020-01-14 21:00:00,82.47205581870847,21,1,1,0,83.05851471527991,84.84690111409947,101.2186891625168,15.346499592854286
2020-01-14 22:00:00,94.87559866708864,22,1,1,0,82.47205581870847,88.91159398386367,101.46718935765118,15.185997974821015
2020-01-14 23:00:00,94.08833219043892,23,1,1,0,94.87559866708864,100.31750335788544,101.20764055900757,15.259556199886212
2020-01-15 00:00:00,95.87251401603736,0,2,1,0,94.08833219043892,104.12708174494024,100.86370023696993,15.283899790175052
2020-01-15 01:00:00,103.56945169378528,1,2,1,0,95.87251401603736,109.24392908205355,100.62726367912545,15.192240347509559
2020-01-15 02:00:00,112.06465727137812,2,2,1,0,103.56945169378528,116.52739403577176,100.44131631394238,15.01544976601615
2020-01-15 03:00:00,111.323512859711,3,2,1,0,112.06465727137812,114.24715483189476,100.3194978984347,14.91006473550049
2020-01-15 04:00:00,113.20940609785649,4,2,1,0,111.323512859711,120.73027293216356,100.00612844700525,14.536795720103797
2020-01-15 05:00:00,120.5369525832409,5,2,1,0,113.20940609785649,117.76718274281411,100.12153552368972,14.694074411370636
2020-01-15 06:00:00,121.2248328555436,6,2,1,0,120.5369525832409,121.6208317624422,100.1050355692356,14.669084334823394
2020-01-15 07:00:00,116.78380064892572,7,2,1,0,121.2248328555436,118.66780125394298,100.02653554402654,14.57013600057809
2020-01-15 08:00:00,114.96531654759724,8,2,1,0,116.78380064892572,117.80548790065237,99.90819507098257,14.430317985114424
2020-01-15 09:00:00,115.30238531051909,9,2,1,0,114.96531654759724,117.11792075091556,99.83254776096607,14.340658024537873
2020-01-15 10:00:00,102.75957829251344,10,2,1,0,115.30238531051909,105.9088965838328,99.70132616549442,14.296982204236244
2020-01-15 11:00:00,98.13906203016754,11,2,1,0,102.75957829251344,115.63831728047774,98.97219053006482,13.88928075303538
2020-01-15 12:00:00,96.40777889373784,12,2,1,0,98.13906203016754,94.96991309250164,99.03210160511634,13.874359514414362
2020-01-15 13:00:00,93.75638333939044,13,2,1,0,96.40777889373784,88.75267603401117,99.24058940950714,13.75021580179677
2020-01-15 14:00:00,91.55453782798996,14,2,1,0,93.75638333939044,95.7905543675004,99.06408872036087,13.823418980266451
2020-01-15 15:00:00,93.23464546101684,15,2,1,0,91.55453782798996,89.81617784608387,99.20652487098306,13.741353997583875
2020-01-15 16:00:00,86.9677900403214,16,2,1,0,93.23464546101684,85.80009100957201,99.2551789972643,13.693806868669709
2020-01-15 17:00:00,79.8817908244015,17,2,1,0,86.9677900403214,83.82321102054007,99.09095315575853,13.908869896597782
2020-01-15 18:00:00,79.90491896048655,18,2,1,0,79.8817908244015,79.93876613576543,99.08954285678857,13.910897845823968
2020-01-15 19:00:00,75.66883665102954,19,2,1,0,79.90491896048655,76.19521161678946,99.06761056654857,13.948926007918729
2020-01-15 20:00:00,82.58692624434926,20,2,1,0,75.66883665102954,83.05851471527991,99.04796104692646,13.972769924076351
2020-01-15 21:00:00,84.41457118166824,21,2,1,0,82.58692624434926,82.47205581870847,99.12889918704978,13.877882193886647
2020-01-15 22:00:00,91.6135928016902,22,2,1,0,84.41457118166824,94.87559866708864,98.99298227599151,13.937196133247106
2020-01-15 23:00:00,90.68746438018788,23,2,1,0,91.6135928016902,94.08833219043892,98.85127945056439,14.006348175303357
2020-01-16 00:00:00,102.59673257120564,0,3,1,0,90.68746438018788,95.87251401603736,99.13145522369642,14.011424785901662
2020-01-16 01:00:00,112.84007546706326,1,3,1,0,102.59673257120564,103.56945169378528,99.51773121424965,14.264595882874833
2020-01-16 02:00:00,109.45619925771582,2,3,1,0,112.84007546706326,112.06465727137812,99.40904546368039,14.174493768263883
2020-01-16 03:00:00,116.15069423422568,3,3,1,0,109.45619925771582,111.323512859711,99.61017802095184,14.383613350496914
2020-01-16 04:00:00,120.77122803424427,4,3,1,0,116.15069423422568,113.20940609785649,99.925253934968,14.772036074080905
2020-01-16 05:00:00,117.3124141663522,5,3,1,0,120.77122803424427,120.5369525832409,99.79089816759762,14.589958025406725
2020-01-16 06:00:00,121.12046240905208,6,3,1,0,117.3124141663522,121.2248328555436,99.78654939899383,14.583305568283373
2020-01-16 07:00:00,119.38147852969038,7,3,1,0,121.12046240905208,116.78380064892572,99.894785977359,14.723905382907182
2020-01-16 08:00:00,117.80888856843292,8,3,1,0,119.38147852969038,114.96531654759724,100.01326814489384,14.861249919737917
2020-01-16 09:00:00,110.27708670445368,9,3,1,0,117.80888856843292,115.30238531051909,99.80388070297444,14.670647809365711
2020-01-16 10:00:00,110.12255087129488,10,3,1,0,110.27708670445368,102.75957829251344,100.11067122709034,14.811455290553589
2020-01-16 11:00:00,107.6663723582777,11,3,1,0,110.12255087129488,98.13906203016754,100.5076424907616,14.883812461999954
2020-01-16 12:00:00,107.25571803897536,12,3,1,0,107.6663723582777,96.40777889373784,100.95963995514649,14.918569533644689
2020-01-16 13:00:00,99.61997322837588,13,3,1,0,107.25571803897536,93.75638333939044,101.20395620052089,14.843298473509261
2020-01-16 14:00:00,100.76591228755784,14,3,1,0,99.61997322837588,91.55453782798996,101.58776346966954,14.701354470665805
2020-01-16 15:00:00,82.02112656182895,15,3,1,0,100.76591228755784,93.23464546101684,101.1205335155367,15.149724266045334
2020-01-16 16:00:00,87.04109510791463,16,3,1,0,82.02112656182895,86.9677900403214,101.12358789335309,15.146753930984206
2020-01-16 17:00:00,81.59819350291043,17,3,1,0,87.04109510791463,79.8817908244015,101.19510467162429,15.045813932708981
2020-01-16 18:00:00,90.94901466608836,18,3,1,0,81.59819350291043,79.90491896048655,101.65527532602438,14.526270164752633
2020-01-16 19:00:00,76.63999204744285,19,3,1,0,90.94901466608836,75.66883665102954,101.69574013420828,14.451896486902568
2020-01-16 20:00:00,78.48088271340738,20,3,1,0,76.63999204744285,82.58692624434926,101.52465498708568,14.709947139231478
2020-01-16 21:00:00,82.86090114904893,21,3,1,0,78.48088271340738,84.41457118166824,101.45991873572656,14.791711386450745
2020-01-16 22:00:00,79.38052137845085,22,3,1,0,82.86090114904893,91.6135928016902,100.95020742642492,15.346141011073904
2020-01-16 23:00:00,92.19484398954582,23,3,1,0,79.38052137845085,90.68746438018788,101.01301491014816,15.305342673022858
2020-01-17 00:00:00,96.20433669223142,0,4,1,0,92.19484398954582,102.59673257120564,100.74666508185756,15.332181898695598
2020-01-17 01:00:00,105.92834983443154,1,4,1,0,96.20433669223142,112.84007546706326,100.45867651383124,15.159087136936497
2020-01-17 02:00:00,111.70877987888554,2,4,1,0,105.92834983443154,109.45619925771582,100.55253403971331,15.224051642533476
2020-01-17 03:00:00,123.52298981981028,3,4,1,0,111.70877987888554,116.15069423422568,100.859713022446,15.621647238990317
2020-01-17 04:00:00,122.07262726661904,4,4,1,0,123.52298981981028,120.77122803424427,100.91393799046163,15.695850419362793
2020-01-17 05:00:00,116.43399824746926,5,4,1,0,122.07262726661904,117.3124141663522,100.87733732717483,15.656924663027986
2020-01-17 06:00:00,115.50792664325822,6,4,1,0,116.43399824746926,121.12046240905208,100.64348167026675,15.38090455756157
2020-01-17 07:00:00,121.77811238331392,7,4,1,0,115.50792664325822,119.38147852969038,100.74334141416773,15.515044503898785
2020-01-17 08:00:00,110.71934204058564,8,4,1,0,121.77811238331392,117.80888856843292,100.4479436421741,15.241070642536538
2020-01-17 09:00:00,123.29942945300267,9,4,1,0,110.71934204058564,110.27708670445368,100.99054125669697,15.826763035140173
2020-01-17 10:00:00,115.89720060360648,10,4,1,0,123.29942945300267,110.12255087129488,101.23115166220997,16.014413752713025
2020-01-17 11:00:00,102.83050264152708,11,4,1,0,115.89720060360648,107.6663723582777,101.02965709067867,15.960256014403978
2020-01-17 12:00:00,91.43432735454564,12,4,1,0,102.83050264152708,107.25571803897536,100.37043247882745,16.018550964052313
2020-01-17 13:00:00,101.5929809687765,13,4,1,0,91.43432735454564,99.61997322837588,100.45264113467748,16.019594879168963
2020-01-17 14:00:00,89.42730077373712,14,4,1,0,101.5929809687765,100.76591228755784,99.98019898826827,16.176383504343185
2020-01-17 15:00:00,92.0469459361364,15,4,1,0,89.42730077373712,82.02112656182895,100.39794146219776,15.817923002243724
2020-01-17 16:00:00,74.70735363033934,16,4,1,0,92.0469459361364,87.04109510791463,99.88403556729878,16.458137147711117
2020-01-17 17:00:00,77.68460835944984,17,4,1,0,74.70735363033934,81.59819350291043,99.7209695196546,16.66527342040451
2020-01-17 18:00:00,80.02621849859092,18,4,1,0,77.68460835944984,90.94901466608836,99.26585301267552,17.05972330049556
2020-01-17 19:00:00,80.91638644304236,19,4,1,0,80.02621849859092,76.63999204744285,99.44403611249216,16.83396801090559
2020-01-17 20:00:00,80.42916456691484,20,4,1,0,80.91638644304236,78.48088271340738,99.52521452305497,16.73287625403756
2020-01-17 21:00:00,88.97211403800642,21,4,1,0,80.42916456691484,82.86090114904893,99.77984839342821,16.513318558439224
2020-01-17 22:00:00,84.66189785308703,22,4,1,0,88.97211403800642,79.38052137845085,99.99990574653805,16.262948748393075
2020-01-17 23:00:00,94.111721672843,23,4,1,0,84.66189785308703,92.19484398954582,100.07977565000878,16.227618925308228
2020-01-18 00:00:00,100.60147815855954,0,5,1,1,94.111721672843,96.20433669223142,100.26298987777244,16.206770854463947
2020-01-18 01:00:00,107.74857507234412,1,5,1,1,100.60147815855954,105.92834983443154,100.33883259601879,16.238663372128606
2020-01-18 02:00:00,113.5580743904443,2,5,1,1,107.74857507234412,111.70877987888554,100.41588653400042,16.299235089529002
2020-01-18 03:00:00,108.5189251645416,3,5,1,1,113.5580743904443,123.52298981981028,99.79071717336421,15.649194193542021
2020-01-18 04:00:00,109.64993722201076,4,5,1,1,108.5189251645416,122.07262726661904,99.2731050881722,15.07507009563546
2020-01-18 05:00:00,125.70690063527384,5,5,1,1,109.64993722201076,116.43399824746926,99.65947602099742,15.642187237232916
2020-01-18 06:00:00,121.66157005989795,6,5,1,1,125.70690063527384,115.50792664325822,99.91587783002404,15.96046126288506
2020-01-18 07:00:00,115.57608384299856,7,5,1,1,121.66157005989795,121.77811238331392,99.65745997417758,15.63804931046696
2020-01-18 08:00:00,125.07626795330152,8,5,1,1,115.57608384299856,110.71934204058564,100.25566522054073,16.33851100031101
2020-01-18 09:00:00,114.72050879519531,9,5,1,1,125.07626795330152,123.29942945300267,99.8982101931321,15.900409771294234
2020-01-18 10:00:00,115.89648592031908,10,5,1,1,114.72050879519531,115.89720060360648,99.8981804146618,15.900378506096281
2020-01-18 11:00:00,105.51397330910127,11,5,1,1,115.89648592031908,102.83050264152708,100.0099916924774,15.931300086909449
2020-01-18 12:00:00,110.3037396244101,12,5,1,1,105.51397330910127,91.43432735454564,100.79621720372172,15.955275849401307
2020-01-18 13:00:00,103.6003233101656,13,5,1,1,110.3037396244101,101.5929809687765,100.87985646794628,15.96489262048564
2020-01-18 14:00:00,88.75517925760472,14,5,1,1,103.6003233101656,89.42730077373712,100.85185140477411,15.986430740045355
2020-01-18 15:00:00,90.71571913104096,15,5,1,1,88.75517925760472,92.0469459361364,100.79638362122846,16.020582191699305
2020-01-18 16:00:00,85.90637167223699,16,5,1,1,90.71571913104096,74.70735363033934,101.2630093729742,15.37786022354981
2020-01-18 17:00:00,87.52464126188042,17,5,1,1,85.90637167223699,77.68460835944984,101.67301074390879,14.84378774069289
2020-01-18 18:00:00,75.17538269709948,18,5,1,1,87.52464126188042,80.02621849859092,101.47089258551331,15.180558259889024
2020-01-18 19:00:00,84.11174077421087,19,5,1,1,75.17538269709948,80.91638644304236,101.60403234931202,15.00545122542705
2020-01-18 20:00:00,87.97161435855907,20,5,1,1,84.11174077421087,80.42916456691484,101.91830109063052,14.616636542086487
2020-01-18 21:00:00,77.06416694415344,21,5,1,1,87.97161435855907,88.97211403800642,101.42213662838664,15.263020659897931
2020-01-18 22:00:00,84.08370743667123,22,5,1,1,77.06416694415344,84.66189785308703,101.398045361036,15.291055905153248
2020-01-18 23:00:00,84.62745820914883,23,5,1,1,84.08370743667123,94.111721672843,101.0028677167154,15.606842280969383
2020-01-19 00:00:00,98.65296582777712,0,6,1,1,84.62745820914883,100.60147815855954,100.9216797029328,15.614087601007462
2020-01-19 01:00:00,108.7640921810303,1,6,1,1,98.65296582777712,107.74857507234412,100.96399291579473,15.634754750338926
2020-01-19 02:00:00,117.51178526047988,2,6,1,1,108.7640921810303,113.5580743904443,101.12873086871288,15.793249806596924
2020-01-19 03:00:00,114.51260952582972,3,6,1,1,117.51178526047988,108.5189251645416,101.3784677170999,15.96168156087505
2020-01-19 04:00:00,125.46358580354526,4,6,1,1,114.51260952582972,109.64993722201076,102.03736974133047,16.630364397919333
2020-01-19 05:00:00,112.4180092347068,5,6,1,1,125.46358580354526,125.70690063527384,101.48366593297351,16.017979482239404
2020-01-19 06:00:00,111.48308780322422,6,6,1,1,112.4180092347068,121.66157005989795,101.05956250561212,15.589522997307999
2020-01-19 07:00:00,119.04077803129827,7,6,1,1,111.48308780322422,115.57608384299856,101.20392476345792,15.7450596482078
2020-01-19 08:00:00,119.2408353203854,8,6,1,1,119.04077803129827,125.07626795330152,100.96078173708644,15.401695706760279
2020-01-19 09:00:00,113.97866188326046,9,6,1,1,119.2408353203854,114.72050879519531,100.92987144908915,15.373598895351442
2020-01-19 10:00:00,99.66278949980068,10,6,1,1,113.97866188326046,115.89648592031908,100.25346743156756,15.039974125998501
2020-01-19 11:00:00,104.73078070448663,11,6,1,1,99.66278949980068,105.51397330910127,100.22083440637526,15.028909465280131
2020-01-19 12:00:00,93.47765249747576,12,6,1,1,104.73078070448663,110.3037396244101,99.519747442753,14.93023737798081
2020-01-19 13:00:00,98.17198184209964,13,6,1,1,93.47765249747576,103.6003233101656,99.29356654825027,14.90683139766194
2020-01-19 14:00:00,91.83299123048444,14,6,1,1,98.17198184209964,88.75517925760472,99.4218087137869,14.825244605993278
2020-01-19 15:00:00,81.15846544463233,15,6,1,1,91.83299123048444,90.71571913104096,99.02358981018655,15.193060512433904
2020-01-19 16:00:00,80.11015733762771,16,6,1,1,81.15846544463233,85.90637167223699,98.78208087957783,15.454457210705273
2020-01-19 17:00:00,75.38541586477395,17,6,1,1,80.11015733762771,87.52464126188042,98.27627982136507,16.026960506270942
2020-01-19 18:00:00,79.68660451363414,18,6,1,1,75.38541586477395,75.17538269709948,98.46424739705401,15.768620831414003
2020-01-19 19:00:00,85.45719507672484,19,6,1,1,79.68660451363414,84.11174077421087,98.5203079929921,15.71768569645395
2020-01-19 20:00:00,77.75086169263334,20,6,1,1,85.45719507672484,87.97161435855907,98.09444329857853,16.148485066283293
2020-01-19 21:00:00,88.37809695385815,21,6,1,1,77.75086169263334,77.06416694415344,98.56585704898288,15.665794126468787
2020-01-19 22:00:00,87.34871190813779,22,6,1,1,88.37809695385815,84.08370743667123,98.70189890196065,15.548299137450648
2020-01-19 23:00:00,90.85925493663774,23,6,1,1,87.34871190813779,84.62745820914883,98.96155709893935,15.353855182225132
2020-01-20 00:00:00,99.46484820022695,0,0,1,0,90.85925493663774,98.65296582777712,98.99538553112477,15.354040106558097
2020-01-20 01:00:00,100.00016928995348,1,0,1,0,99.46484820022695,108.7640921810303,98.63022207732989,15.215198767216254
2020-01-20 02:00:00,107.23175347326394,2,0,1,0,100.00016928995348,117.51178526047988,98.20188741952923,14.799562142926478
2020-01-20 03:00:00,108.1527461607867,3,0,1,0,107.23175347326394,114.51260952582972,97.93689311265244,14.549639944430615
2020-01-20 04:00:00,127.1441337402708,4,0,1,0,108.1527461607867,125.46358580354526,98.00691594334934,14.691232131779689
2020-01-20 05:00:00,119.49483428563995,5,0,1,0,127.1441337402708,112.4180092347068,98.30178365380489,15.059457859170305
2020-01-20 06:00:00,116.50137246003708,6,0,1,0,119.49483428563995,111.48308780322422,98.51087884783875,15.283603302248176
2020-01-20 07:00:00,120.38841607945244,7,0,1,0,116.50137246003708,119.04077803129827,98.56703043317852,15.364570185326658
2020-01-20 08:00:00,116.75886782723477,8,0,1,0,120.38841607945244,119.2408353203854,98.4636151209639,15.227107487964178
2020-01-20 09:00:00,113.03728762606492,9,0,1,0,116.75886782723477,113.97866188326046,98.42439119358077,15.186562690639327
2020-01-20 10:00:00,113.07083350021706,10,0,1,0,113.03728762606492,99.66278949980068,98.9830596935981,15.477926465231223
2020-01-20 11:00:00,108.96391945228726,11,0,1,0,113.07083350021706,104.73078070448663,99.15944047475648,15.57011825460655
2020-01-20 12:00:00,97.34749426194752,12,0,1,0,108.96391945228726,93.47765249747576,99.32068388160945,15.528702519535422
2020-01-20 13:00:00,91.94452789472618,13,0,1,0,97.34749426194752,98.17198184209964,99.06120663380223,15.600593805283493
2020-01-20 14:00:00,88.62474151424186,14,0,1,0,91.94452789472618,91.83299123048444,98.92752956229212,15.678772633348741
2020-01-20 15:00:00,74.34825855259128,15,0,1,0,88.62474151424186,81.15846544463233,98.64377094179041,16.071062880446963
2020-01-20 16:00:00,75.10353661331848,16,0,1,0,74.34825855259128,80.11015733762771,98.4351617449442,16.352132955340693
2020-01-20 17:00:00,87.5158548114413,17,0,1,0,75.10353661331848,75.38541586477395,98.94059670105533,15.786388098117945
2020-01-20 18:00:00,88.22483856750642,18,0,1,0,87.5158548114413,79.68660451363414,99.2963564533,15.425705294893785
2020-01-20 19:00:00,79.43630327643679,19,0,1,0,88.22483856750642,85.45719507672484,99.04548596162134,15.70695455069905
2020-01-20 20:00:00,85.56227673958995,20,0,1,0,79.43630327643679,77.75086169263334,99.37096158857786,15.322741229219826
2020-01-20 21:00:00,87.4141151489867,21,0,1,0,85.56227673958995,88.37809695385815,99.33079568004156,15.354041468507988
2020-01-20 22:00:00,105.3944040422763,22,0,1,0,87.4141151489867,87.34871190813779,100.08269951896399,15.182655931723417
2020-01-20 23:00:00,100.4214936551222,23,0,1,0,105.3944040422763,90.85925493663774,100.48112613223418,15.055019309419375
2020-01-21 00:00:00,99.36041204259608,0,1,1,0,100.4214936551222,99.46484820022695,100.47677462566622,15.05534091587171
2020-01-21 01:00:00,100.39867869904836,1,1,1,0,99.36041204259608,100.00016928995348,100.49337918437853,15.055012167549735
2020-01-21 02:00:00,101.96776839871184,2,1,1,0,100.39867869904836,107.23175347326394,100.27404647293883,14.990782055730515
2020-01-21 03:00:00,115.15945380306697,3,1,1,0,101.96776839871184,108.1527461607867,100.56599262470053,15.217406272245592
2020-01-21 04:00:00,113.53875434926726,4,1,1,0,115.15945380306697,127.1441337402708,99.99910181674204,14.416596159714832
2020-01-21 05:00:00,112.20724797779287,5,1,1,0,113.53875434926726,119.49483428563995,99.69545238724841,14.060462618261212
2020-01-21 06:00:00,116.76713557878736,6,1,1,0,112.20724797779287,116.50137246003708,99.70652585052967,14.074371532019152
2020-01-21 07:00:00,113.9107765077094,7,1,1,0,116.76713557878736,120.38841607945244,99.43662420170705,13.718116092899303
2020-01-21 08:00:00,125.75621625105168,8,1,1,0,113.9107765077094,116.75886782723477,99.81151371936609,14.321740998111952
2020-01-21 09:00:00,118.5503344084784,9,1,1,0,125.75621625105168,113.03728762606492,100.04122400196663,14.58489093406065
2020-01-21 10:00:00,109.96013679341698,10,1,1,0,118.5503344084784,113.07083350021706,99.91161163918332,14.4774921626966
2020-01-21 11:00:00,112.576101596501,11,1,1,0,109.96013679341698,108.96391945228726,100.06211922852555,14.593998606769066
2020-01-21 12:00:00,100.3868415382384,12,1,1,0,112.576101596501,97.34749426194752,100.18875869837102,14.582600780787848
2020-01-21 13:00:00,90.5171980913084,13,1,1,0,100.3868415382384,91.94452789472618,100.1292866232286,14.62054615050666
2020-01-21 14:00:00,97.61562038634824,14,1,1,0,90.5171980913084,88.62474151424186,100.50390657623304,14.42685343554251
2020-01-21 15:00:00,88.55241459469259,15,1,1,0,97.61562038634824,74.34825855259128,101.09574641132059,13.573308130366424
2020-01-21 16:00:00,77.49326115267904,16,1,1,0,88.55241459469259,75.10353661331848,101.19531826712728,13.381756471010338
2020-01-21 17:00:00,79.7297900838006,17,1,1,0,77.49326115267904,87.5158548114413,100.87089890347556,13.815173720486813
2020-01-21 18:00:00,75.62190873307621,18,1,1,0,79.7297900838006,88.22483856750642,100.34577682704099,14.53740028078464
2020-01-21 19:00:00,73.76748481939703,19,1,1,0,75.62190873307621,79.43630327643679,100.10957605799767,14.932585759727928
